{
  "nodes": [
    {
      "id": "rc-tank-source",
      "type": "tank",
      "position": {
        "x": 0,
        "y": 200
      },
      "data": {
        "label": "Source Tank",
        "level": 2,
        "elevation": 0,
        "temperature": 293.15,
        "rotation": 0,
        "telemetry": {
          "inlets": [
            {
              "id": "c4a307bf-77d7-4c71-a698-df0b2bf71008",
              "pressure": 120945,
              "flow_rate": 0,
              "temperature": 293.15,
              "density": 1000,
              "viscosity": 0.0010017487594089526,
              "connected_to_port_id": null
            }
          ],
          "outlets": [
            {
              "id": "0ec15d44-5414-46df-b6da-6629e57da878",
              "pressure": 120945,
              "flow_rate": 0.0008563604116167093,
              "temperature": 293.15,
              "density": 1000,
              "viscosity": 0.0010017487594089526,
              "connected_to_port_id": null
            }
          ]
        }
      },
      "width": 60,
      "height": 136
    },
    {
      "id": "rc-pump",
      "type": "pump",
      "position": {
        "x": 150,
        "y": 230
      },
      "data": {
        "label": "Supply Pump",
        "A": 80,
        "B": 0,
        "C": -20000,
        "rotation": 0,
        "telemetry": {
          "inlets": [
            {
              "id": "6e2a1961-2723-4e13-96fd-e7af2b855ec7",
              "pressure": 120935.7639538153,
              "flow_rate": 0.0008563604116167093,
              "temperature": 293.15,
              "density": 1000,
              "viscosity": 0.0010017487594089526,
              "connected_to_port_id": null
            }
          ],
          "outlets": [
            {
              "id": "7ff4af3e-5f32-4c00-a34f-c217b3d89af4",
              "pressure": 905591.8800648858,
              "flow_rate": 0.0008563604116167351,
              "temperature": 293.15,
              "density": 1000,
              "viscosity": 0.0010017487594089526,
              "connected_to_port_id": null
            }
          ]
        }
      },
      "width": 60,
      "height": 96
    },
    {
      "id": "rc-valve",
      "type": "remote_control_valve",
      "position": {
        "x": 300,
        "y": 229.2421417167448
      },
      "data": {
        "label": "Remote CV",
        "max_cv": 5,
        "set_pressure": 300000,
        "rotation": 0,
        "telemetry": {
          "inlets": [
            {
              "id": "f1088f99-6221-4211-a999-a2236c039e79",
              "pressure": 905538.1347836865,
              "flow_rate": 5.065898098158619e-06,
              "temperature": 293.1499999999999,
              "density": 1000,
              "viscosity": 0.0010017487594089526,
              "connected_to_port_id": null
            }
          ],
          "outlets": [
            {
              "id": "10b8e421-b53c-44fd-9731-00bc7309109c",
              "pressure": 510707.4035953368,
              "flow_rate": 5.0658980981553405e-06,
              "temperature": 293.1499999999999,
              "density": 1000,
              "viscosity": 0.0010017487594089526,
              "connected_to_port_id": null
            }
          ],
          "opening_pct": 0.19177842070376414,
          "sensed_pressure": 510707.4035953368
        },
        "opening": 0.19177842070376414
      },
      "width": 60,
      "height": 105,
      "selected": false,
      "dragging": false,
      "positionAbsolute": {
        "x": 300,
        "y": 229.2421417167448
      }
    },
    {
      "id": "rc-orifice",
      "type": "orifice",
      "position": {
        "x": 434.22384006149434,
        "y": 217.11640918466162
      },
      "data": {
        "label": "Line Resistance",
        "pipe_diameter": 0.1,
        "orifice_diameter": 0.008,
        "sensing": {
          "outlet-0": false,
          "inlet-0": false
        },
        "rotation": 0,
        "telemetry": {
          "inlets": [
            {
              "id": "e1de0756-9550-460e-bbc5-66dd4d6166d6",
              "pressure": 510707.3026389598,
              "flow_rate": 5.0658980981553405e-06,
              "temperature": 293.1499999999999,
              "density": 1000,
              "viscosity": 0.0010017487594089526,
              "connected_to_port_id": null
            }
          ],
          "outlets": [
            {
              "id": "b267ea3c-a8cf-49a3-9f59-3c078966fc74",
              "pressure": 510693.28630341287,
              "flow_rate": 5.065898098155104e-06,
              "temperature": 293.1499999999999,
              "density": 1000,
              "viscosity": 0.0010017487594089526,
              "connected_to_port_id": null
            }
          ]
        }
      },
      "width": 60,
      "height": 86,
      "selected": false,
      "dragging": false,
      "positionAbsolute": {
        "x": 434.22384006149434,
        "y": 217.11640918466162
      }
    },
    {
      "id": "rc-tank-sink",
      "type": "tank",
      "position": {
        "x": 700,
        "y": 199.28769805728362
      },
      "data": {
        "label": "Sink Tank",
        "level": 1,
        "elevation": 0,
        "temperature": 293.15,
        "rotation": 0,
        "telemetry": {
          "inlets": [
            {
              "id": "c60c1edc-d9c8-4906-9338-c0311cec2db7",
              "pressure": 111135,
              "flow_rate": 0.0008563604116167324,
              "temperature": 293.15,
              "density": 1000,
              "viscosity": 0.0010017487594089526,
              "connected_to_port_id": null
            }
          ],
          "outlets": [
            {
              "id": "96c42e2b-8e23-412c-a2cf-6823412d7b14",
              "pressure": 111135,
              "flow_rate": 0,
              "temperature": 293.15,
              "density": 1000,
              "viscosity": 0.0010017487594089526,
              "connected_to_port_id": null
            }
          ]
        }
      },
      "width": 60,
      "height": 136,
      "selected": false,
      "positionAbsolute": {
        "x": 700,
        "y": 199.28769805728362
      },
      "dragging": false
    },
    {
      "id": "node_97d18273",
      "type": "orifice",
      "position": {
        "x": 585.8233024996388,
        "y": 211.05441735051562
      },
      "data": {
        "label": "ORIFICE_656",
        "rotation": 0,
        "pipe_diameter": 0.1,
        "orifice_diameter": 0.00801,
        "telemetry": {
          "inlets": [
            {
              "id": "745a90d9-9b6d-4b73-83f4-f85a63b75395",
              "pressure": 510692.6048439204,
              "flow_rate": 5.065898098155104e-06,
              "temperature": 293.1499999999999,
              "density": 1000,
              "viscosity": 0.0010017487594089526,
              "connected_to_port_id": null
            }
          ],
          "outlets": [
            {
              "id": "cc0fcf8d-93ae-4cd3-b115-ebf0544e7adb",
              "pressure": 510678.6585991752,
              "flow_rate": 5.065898098155909e-06,
              "temperature": 293.1499999999999,
              "density": 1000,
              "viscosity": 0.0010017487594089526,
              "connected_to_port_id": null
            }
          ]
        },
        "sensing": {
          "inlet-0": true
        }
      },
      "width": 57,
      "height": 86,
      "selected": false,
      "positionAbsolute": {
        "x": 585.8233024996388,
        "y": 211.05441735051562
      },
      "dragging": false
    }
  ],
  "edges": [
    {
      "id": "rc-p1",
      "source": "rc-tank-source",
      "sourceHandle": "outlet-0",
      "target": "rc-pump",
      "targetHandle": "inlet-0",
      "animated": true,
      "data": {
        "label": "Suction",
        "length": 5,
        "diameter": 0.1,
        "telemetry": {
          "inlets": [
            {
              "id": "504af41d-2846-4f44-958f-b36a70fb8db6",